kind,level,value,frames,targets,detections,hits,misses,extras,complete_frames,false_alarm_frames,clipped_frames,clipped_samples,weak_targets,weak_hits,recall,precision,complete_frame_rate,false_alarm_frame_rate
snr,0,-6,8,24,0,0,24,0,0,0,1,1,0,0,0.0,,0.0,0.0
snr,1,-3,8,24,0,0,24,0,0,0,0,0,0,0,0.0,,0.0,0.0
snr,2,0,8,24,10,10,14,0,0,0,0,0,0,0,0.4166666666666667,1.0,0.0,0.0
snr,3,3,8,24,24,24,0,0,8,0,0,0,0,0,1.0,1.0,1.0,0.0
snr,4,6,8,24,24,24,0,0,8,0,0,0,0,0,1.0,1.0,1.0,0.0
dc,0,0,8,24,24,24,0,0,8,0,0,0,0,0,1.0,1.0,1.0,0.0
dc,1,0.25,8,24,24,24,0,0,8,0,0,0,0,0,1.0,1.0,1.0,0.0
dc,2,0.5,8,24,24,24,0,0,8,0,0,0,0,0,1.0,1.0,1.0,0.0
dc,3,1,8,24,2,2,22,0,0,0,0,0,0,0,0.08333333333333333,1.0,0.0,0.0
dc,4,2,8,24,0,0,24,0,0,0,0,0,0,0,0.0,,0.0,0.0
ratio,0,1,8,16,16,16,0,0,8,0,0,0,8,8,1.0,1.0,1.0,0.0
ratio,1,2,8,16,16,16,0,0,8,0,0,0,8,8,1.0,1.0,1.0,0.0
ratio,2,4,8,16,16,16,0,0,8,0,0,0,8,8,1.0,1.0,1.0,0.0
ratio,3,6,8,16,10,10,6,0,2,0,0,0,8,2,0.625,1.0,0.25,0.0
ratio,4,8,8,16,8,8,8,0,0,0,0,0,8,0,0.5,1.0,0.0,0.0
tone,0,,8,24,24,24,0,0,8,0,0,0,0,0,1.0,1.0,1.0,0.0
tone,1,12,8,24,24,24,0,0,8,0,0,0,0,0,1.0,1.0,1.0,0.0
tone,2,6,8,24,24,24,0,0,8,0,0,0,0,0,1.0,1.0,1.0,0.0
tone,3,0,8,24,2,2,22,0,0,0,0,0,0,0,0.08333333333333333,1.0,0.0,0.0
tone,4,-6,8,24,0,0,24,0,0,0,0,0,0,0,0.0,,0.0,0.0
impulse,0,0,8,24,24,24,0,0,8,0,0,0,0,0,1.0,1.0,1.0,0.0
impulse,1,0.00390625,8,24,24,24,0,0,8,0,2,2,0,0,1.0,1.0,1.0,0.0
impulse,2,0.0078125,8,24,18,18,6,0,3,0,2,2,0,0,0.75,1.0,0.375,0.0
impulse,3,0.015625,8,24,14,14,10,0,1,0,2,2,0,0,0.5833333333333334,1.0,0.125,0.0
impulse,4,0.03125,8,24,7,7,17,0,1,0,4,4,0,0,0.2916666666666667,1.0,0.125,0.0
